Term,Original Definition,Published Definition,Publish to DevHub,Keywords,Type,Scope,Scope URL,Synonyms,Related Term,Business Context (level 1),Citations,Verified Definition,Team Source - Temp,Comments,StaticId,Name,Example,Schema Type,Schema Constraints,Breaking Change
Access Control,"Access control is a set of security measures that regulate who can access a system, services, data, or resource. Access control policies use authentication and authorization to verify users and enable access.","Access control is a set of security measures that regulate who can access a system, services, data, or resource. Access control policies use authentication and authorization to verify users and enable access.",Yes,,Privacy and Security,API Program Services,,,,,https://developer.gov.bc.ca/docs/default/component/aps-infra-platform-docs/reference/glossary/,Yes,"APS,EFV",,a3ac060a-be57-4e70-af4c-bb7bd91bc7aa,access-control,,string,
Accuracy,Accuracy measures the degree to which data describes the real-world phenomena it is intended to represent.,Accuracy measures the degree to which data describes the real-world phenomena it is intended to represent.,Yes,,Data Management,Draft Data Quality Assessment Standard,,,,,https://bcgov.sharepoint.com/:w:/r/teams/00108/Shared%20Documents/TM_ADR/POL%20Data%20Quality%20Assessment%20Standard/Data%20Quality%20Assessment%20Standard%20LIVING%20DRAFT.docx?d=wf42c4603823f4db58cb5f3efa2b9c321&csf=1&web=1&e=8oQ9Mq,Yes,ADR,,3579f8c6-c509-46c1-85fd-8cd7cc9ba94e,accuracy,99.8,number,"{""minimum"":0,""maximum"":100}"
API Catalogue,"A listing of application programming interfaces and exchange contracts with metadata, intended for use by a software developer.","A listing of application programming interfaces and exchange contracts with metadata, intended for use by a software developer.",Yes,,Technical,API Program Services,,,,,https://dpdd.atlassian.net/wiki/spaces/POSM/pages/edit-v2/1389330560,Yes,APS,,a03ab4ed-6a49-44c9-8b29-4116c791755e,api-catalogue,,string,
API Consumer,Organizations that integrate application programming interfaces into their business applications.,"An organization, system, service, or application that uses an API to access data or functionality provided by another system or service.",Yes,,Integration,API Program Services,,,,,https://developer.gov.bc.ca/docs/default/component/aps-infra-platform-docs/reference/glossary/,Yes,APS,,14d52ba4-04bd-4544-9694-0b77ec92898a,api-consumer,,string,
API Gateway,"A technology platform that acts as a single entry point for multiple application programming interfaces, managing requests, routing, security, and other operations, simplifying and centralizing API management.","A technology platform that acts as a single entry point for multiple application programming interfaces, managing requests, routing, security, and other operations, simplifying and centralizing API management.",Yes,,Technical,API Program Services,,,,,https://developer.gov.bc.ca/docs/default/component/aps-infra-platform-docs/reference/glossary/,Yes,APS,,536d22a7-1e3e-4b94-8b88-5d50fd8a678e,api-gateway,,string,
Applicant,(a) The person named on a land title form as the person acquiring an interest in land. (b) The person named as applicant in the application section is the person with whom land title staff is authorized to communicate with regarding an application.,(a) The person named on a land title form as the person acquiring an interest in land. (b) The person named as applicant in the application section is the person with whom land title staff is authorized to communicate with regarding an application.,Yes,,Business,Land Title and Survey Authority of British Columbia,https://ltsa.ca/property-owners/about-land-records/glossary/,,,People,https://ltsa.ca/property-owners/about-land-records/glossary/,Yes,ADR,,6d09e4b9-04df-48c4-95c4-d8035b8d9328,applicant,,string,
Application Programming Interface,An Application Programming Interface (API) is a software-to-software interface that provides a secure and standardized way for applications to communicate with each other to deliver requested data without user intervention.,An Application Programming Interface (API) is a software-to-software interface that provides a secure and standardized way for applications to communicate with each other to deliver requested data without user intervention.,Yes,,Integration,API Program Services,,,,,https://developer.gov.bc.ca/docs/default/component/aps-infra-platform-docs/reference/glossary/,Yes,APS,,ac7b67d1-bbd9-4097-8e07-701903610a2b,application-programming-interface-api,,string,
Audit Event,"A signed, immutable log entry recording access or transfer events.","A signed, immutable log entry recording access or transfer events.",Yes,,Technical,API Program Services,,,,,https://dpdd.atlassian.net/wiki/spaces/POSM/pages/1389330560/APS+Terminology+Glossary+-+2026,Yes,APS,,daee9848-5a5a-4c25-a7ec-64c424cf1047,audit-event,,string,
Authentication,"Authentication is a security process for verifying the identity of a user or device before allowing access to a system, resource, or function. Authentication validates that a user or system is who they claim to be.","Authentication is a security process for verifying the identity of a user or device before allowing access to a system, resource, or function. Authentication validates that a user or system is who they claim to be.",Yes,,Privacy and Security,API Program Services,,,,,https://developer.gov.bc.ca/docs/default/component/aps-infra-platform-docs/reference/glossary/,Yes,APS,,50fdc0b5-b936-409c-b536-d29ed4ab372b,authentication,,string,
Authentication Type,"Method used to verify the identity of a user or system, such as passwords, tokens, OAuth, API keys, or multi-factor authentication patterns.","Method used to verify the identity of a user or system, such as passwords, tokens, OAuth, API keys, or multi-factor authentication patterns.",Yes,Security,Privacy and Security,API Program Services,,,,,https://dpdd.atlassian.net/wiki/spaces/POSM/pages/1389330560/Updated+CS+Terminology+Language,Yes,APS,,9183d44e-880a-4160-b801-707917861775,authentication-type,Bearer token,string,
Authoritative Data,"Data located in any repository system that is recognized through governance, law, or common acceptance as the source of origin for accurate data on a specific topic. Authoritative Data may be stored or referenced in a Data Register. ","Data located in any repository system that is recognized through governance, law, or common acceptance as the source of origin for accurate data on a specific topic. Authoritative Data may be stored or referenced in a Data Register. ",Yes,,Data,Data Management Policy,https://www2.gov.bc.ca/gov/content?id=706EBC0C26B146EBB8641813DB32946B,,,,https://www2.gov.bc.ca/gov/content?id=706EBC0C26B146EBB8641813DB32946B,Yes,ADR,,290f03fc-dde3-492e-bead-a334a01a26b2,authoritative-data,,string,
Authoritative Data Directory,The publicly accessible list of datasets that are designated authoritative through the corporate data governance process. This information is published in the BC Data Catalogue.,The publicly accessible list of datasets that are designated authoritative through the corporate data governance process. This information is published in the BC Data Catalogue.,Yes,,Data Management,Draft Data Register Standard,,,,,https://bcgov.sharepoint.com/:w:/r/teams/00108/Shared%20Documents/TM_ADR/POL%20Data%20Register%20Standard/Endorsements/Data%20Register%20Standard%20DRAFT.docx?d=w2902afec895d43408463adacd02decd3&csf=1&web=1&e=QEg5Tp,Yes,ADR,Cross check latest DR Standard definition.,9b8da4a0-109b-49cc-bf26-b084e355f14c,authoritative-data-directory,,string,
Authorization,"Authorization is a security process for providing a user or device with access to a requested system, resource, or function based on permissions. Authorization is provided only after a user or device has been authenticated.","Authorization is a security process for providing a user or device with access to a requested system, resource, or function based on permissions. Authorization is provided only after a user or device has been authenticated e.g. IDIR.",Yes,Security,Privacy and Security,API Program Services,,,,,https://developer.gov.bc.ca/docs/default/component/aps-infra-platform-docs/reference/glossary/,Yes,APS,,fb1799f6-ad3b-49ee-8746-bdaa4f72db2c,authorization,,string,
Authorizing Authority,"The entity that confirms legal basis, consent, or program authority for an exchange.","The entity responsible for confirming that a data exchange has the required legal basis, consent, delegation, or policy authority to proceed.",Yes,,Privacy and Security,API Program Services,,,,,https://dpdd.atlassian.net/wiki/spaces/POSM/pages/1389330560/APS+Terminology+Glossary+-+2026,Yes,APS,,831d3232-aaa5-4986-b522-4539b0811355,authorizing-authority,,string,
Birth Date,"Birth Date from the BCSC.
The individual's documented birth date recorded from valid identification.",The individual's documented birth date recorded from valid identification.,Yes,,Business,BC Registries and Online Services,https://www2.gov.bc.ca/gov/content?id=68646C26E4C241B09B60AE892FEEA829,,,People,"https://bcgov.sharepoint.com/:w:/r/teams/00108/Shared%20Documents/TM_ADR/UC%20DATA/DATA%20IAS/BCSC%20documents/BC%20services%20card%20-%20data%20attribute%20it%20has%20-%20PIA.docx?d=w407a76177ed24f649134baaf73c3f5d3&csf=1&web=1&e=kOpEf9
https://www2.gov.bc.ca/gov/content/governments/organizational-structure/ministries-organizations/ministries/citizens-services/bc-registries-online-services",No,ADR,waiting definition from Marcos Carrere,a952de7f-f34b-4941-b896-930e330cecbf,birth-date,1990-05-21,string,"{""format"":""date""}"
Central government agencies,"There are many independent or partially independent agencies, boards and commissions that are essential to effectively governing the province. Agencies include authorities, boards, commissions, corporations and councils. A public agency also includes any bodies established by the government on an interim basis to perform arbitration, regulation or similar functions.","There are many independent or partially independent agencies, boards and commissions that are essential to effectively governing the province. Agencies include authorities, boards, commissions, corporations and councils. A public agency also includes any bodies established by the government on an interim basis to perform arbitration, regulation or similar functions.",Yes,,Business,Government Structure,https://www2.gov.bc.ca/gov/content?id=F024503C72F64D8380441972977188D6,,,Government,https://www2.gov.bc.ca/gov/content/governments/organizational-structure/ministries-organizations,Yes,ADR,,59c70873-115e-40f5-87d8-34abe3072752,central-government-agencies,,string,
Certificate Authority,"A Certificate Authority (CA) is a trusted organization that provides/issues digital certificates to websites, businesses, and individuals. This establishes trust between users and websites by ensuring that sensitive data remains private.  ","A Certificate Authority (CA) is a trusted organization that provides/issues digital certificates to websites, businesses, and individuals. This establishes trust between users and websites by ensuring that sensitive data remains private.  ",Yes,"Security,SDX",Privacy and Security,API Program Services,https://www.digicert.com/blog/what-is-a-certificate-authority,,,,"https://dpdd.atlassian.net/wiki/spaces/POSM/pages/1338442522/ADR-013+Private+Certificate+Authority
https://www.digicert.com/blog/what-is-a-certificate-authority",Yes,APS,,f22f5bd4-08c5-4c82-86d3-a267014d5158,certificate-authority-ca,,string,
Channel,"The transport mode used for an exchange: Pull API, Push Webhook, Message Queue, Batch File, or Streaming.","The transport mode used for an exchange: Pull API, Push Webhook, Message Queue, Batch File, or Streaming.",Yes,,Integration,API Program Services,,,,,https://dpdd.atlassian.net/wiki/spaces/POSM/pages/edit-v2/1389330560,Yes,APS,,24717e39-b997-44ff-8a2b-aacbaa425569,channel,Pull API,string,
Child,A resident of B.C. who meets all of the following conditions:Is a child of a beneficiary or a person who stands in place of a parentWho is a minorDoes not have a spouseIs supported by the beneficiary,A resident of B.C. who meets all of the following conditions:Is a child of a beneficiary or a person who stands in place of a parentWho is a minorDoes not have a spouseIs supported by the beneficiary,Yes,,Business,Medical Services Plan,https://www2.gov.bc.ca/gov/content?id=A24BB960F5234630BCB9DE847EEFD07B,,,HealthPeople,https://www2.gov.bc.ca/gov/content/health/health-drug-coverage/msp/bc-residents/eligibility-and-enrolment/are-you-eligible#dependents,Yes,ADR,,4cae3d1b-fbb0-4a76-8d38-548fffbd5cf0,child,,string,
Completeness,"The proportion of stored data against the definition of “100% complete”. Completeness is contextual to the purpose for data collection (for example, is the scope of collection the whole province or a region?)","The proportion of stored data against the definition of “100% complete”. Completeness is contextual to the purpose for data collection (for example, is the scope of collection the whole province or a region?)",Yes,,Data Management,Draft Data Quality Assessment Standard,,,,,https://bcgov.sharepoint.com/:w:/r/teams/00108/Shared%20Documents/TM_ADR/POL%20Data%20Quality%20Assessment%20Standard/Data%20Quality%20Assessment%20Standard%20LIVING%20DRAFT.docx?d=wf42c4603823f4db58cb5f3efa2b9c321&csf=1&web=1&e=8oQ9Mq,Yes,ADR,,cd363ff3-d8e6-4013-beaf-892fe3ab8583,completeness,98.5,number,"{""minimum"":0,""maximum"":100}"
Connected Services Data Dictionary,The centralized repository documenting technical metadata for Connected Services data elements. ,The centralized repository documenting technical metadata for Connected Services data elements. ,Yes,,Data Management,Draft Data Register Standard,,,,,https://bcgov.sharepoint.com/:w:/r/teams/00108/Shared%20Documents/TM_ADR/POL%20Data%20Register%20Standard/Endorsements/Data%20Register%20Standard%20DRAFT.docx?d=w2902afec895d43408463adacd02decd3&csf=1&web=1&e=QEg5Tp,Yes,ADR,,3147c042-f3a4-4bd8-a1f2-07f1b4c8a4e3,connected-services-data-dictionary,,string,
Connected Services Glossary of Terms,The centralized repository documenting concepts in plain language for Connected Services business and technical terms. ,The centralized repository documenting concepts in plain language for Connected Services business and technical terms. ,Yes,,Data Management,Draft Data Register Standard,,,,,https://bcgov.sharepoint.com/:w:/r/teams/00108/Shared%20Documents/TM_ADR/POL%20Data%20Register%20Standard/Endorsements/Data%20Register%20Standard%20DRAFT.docx?d=w2902afec895d43408463adacd02decd3&csf=1&web=1&e=QEg5Tp,Yes,ADR,RJS 02/23: Should this be changed to Connected terms instead of Govt. datasets?,d78fc349-9944-4eb1-a478-a5dca8eb0135,connected-services-glossary-of-terms,,string,
Consent,"Consent is a voluntary agreement by an individual for their personal information to be accessed, verified or used by a government service for specified purposes such as determining or verifying eligibility for other benefits or services. ","Consent is a voluntary agreement by an individual for their personal information to be accessed, verified or used by a government service for specified purposes such as determining or verifying eligibility for other benefits or services. ",Yes,,Privacy and Security,Consent and Delegation Framework,,,,,https://bcgov.sharepoint.com/:w:/r/teams/12320-ConnectedServicesStrategicPriority/_layouts/15/Doc.aspx?sourcedoc=%7B51098F63-B69C-4575-B25C-9FA88C4CFDFA%7D&file=Consent%20and%20Delegation%20Framework%20for%20Connected%20Services.docx&action=default&mobileredirect=true,Yes,SDG,,8eb02fb4-6665-451a-8651-40daa3d9a5e0,consent,,string,
Conveyance,"A transfer of an estate or interest in land (other than by will) to a new owner through sale, lease, or other means. A transfer of title is the conveyance of an estate or interest in land in exchange for some financial consideration, typically a sale.","A transfer of an estate or interest in land (other than by will) to a new owner through sale, lease, or other means. A transfer of title is the conveyance of an estate or interest in land in exchange for some financial consideration, typically a sale.",Yes,,Business,Land Title and Survey Authority of British Columbia,https://ltsa.ca/property-owners/about-land-records/glossary/,,,PeopleInfrastructure,https://ltsa.ca/property-owners/about-land-records/glossary/,Yes,ADR,,2a494f8e-b0aa-488c-938b-263ec44bea61,conveyance,,string,
Copyright,"Copyright is an exclusive legal right to reproduce, publish and sell a work or material. Copyright encompasses a wide range of materials including: written materials, such as books, manuals, reports and computer software; visual materials such as videos, photographs, pictures, posters and maps; and audio materials such as music and voice recordings.","Copyright is an exclusive legal right to reproduce, publish and sell a work or material. Copyright encompasses a wide range of materials including: written materials, such as books, manuals, reports and computer software; visual materials such as videos, photographs, pictures, posters and maps; and audio materials such as music and voice recordings.",Yes,,Data Management,Intellectual Property Management,https://www2.gov.bc.ca/gov/content?id=96CA7A9D26024B1A9EE81637DED592B8,,,,https://www2.gov.bc.ca/gov/content/governments/services-for-government/policies-procedures/intellectual-property/frequently-asked-questions,Yes,ADR,,e04f3d1f-72f3-4de4-9e6d-03866daaa754,copyright,,string,
Corporation,"A corporation means a company, a body corporate, a body politic and corporate, an incorporated association or a society, however and wherever incorporated, but does not include a municipality or a corporation sole.","A corporation means a company, a body corporate, a body politic and corporate, an incorporated association or a society, however and wherever incorporated, but does not include a municipality or a corporation sole.",Yes,,Business,Land Title and Survey Authority of British Columbia,https://ltsa.ca/property-owners/about-land-records/glossary/,,,PeopleCorporation,https://ltsa.ca/property-owners/about-land-records/glossary/,Yes,ADR,,d35d9711-f47d-4fb4-99f1-afc54be2c143,corporation,,string,
Country,The two-letter country code of an individual's provided residential address.,The two-letter country code of an individual's provided residential address.,Yes,,Business,BC Registries and Online Services,https://www2.gov.bc.ca/gov/content?id=68646C26E4C241B09B60AE892FEEA829,,,People,"https://bcgov.sharepoint.com/:w:/r/teams/00108/Shared%20Documents/TM_ADR/UC%20DATA/DATA%20IAS/BCSC%20documents/BC%20services%20card%20-%20data%20attribute%20it%20has%20-%20PIA.docx?d=w407a76177ed24f649134baaf73c3f5d3&csf=1&web=1&e=kOpEf9
https://www2.gov.bc.ca/gov/content/governments/organizational-structure/ministries-organizations/ministries/citizens-services/bc-registries-online-services",No,ADR,,c38136a0-38dd-478b-bedc-0e52d28fb072,country,CA,string,
Credential,A verifiable claim about an actor or system used for authentication or authorization.,A verifiable claim about an actor or system used for authentication or authorization.,Yes,"Security,SDX",Privacy and Security,API Program Services,,,,,https://dpdd.atlassian.net/wiki/spaces/POSM/pages/edit-v2/1389330560,Yes,APS,,9afa0105-8a65-4d83-8826-5d58bb5c5f8e,credential,,string,
Critical System,"Any IM IT service, system, or infrastructure component that is deemed necessary by the System Owner to deliver a Mission Critical Function.","Any IM IT service, system, or infrastructure component that is deemed necessary by the System Owner to deliver a Mission Critical Function.",Yes,,Technical,Critical Systems Standard,https://www2.gov.bc.ca/assets/gov/government/services-for-government-and-broader-public-sector/information-technology-services/standards-files/510_critical_systems_standard_v30.pdf,,,,https://www2.gov.bc.ca/assets/gov/government/services-for-government-and-broader-public-sector/information-technology-services/standards-files/510_critical_systems_standard_v30.pdf,Yes,ADR,,e5355ba1-cda2-4546-82ad-c890c49f35bb,critical-system,,string,
Crown corporations,"Crown corporations are owned by the government, but operate at arm’s length from the public service and elected officials.","Crown corporations are owned by the government, but operate at arm’s length from the public service and elected officials.",Yes,,Business,Government Structure,https://www2.gov.bc.ca/gov/content?id=F024503C72F64D8380441972977188D6,,,Government,https://www2.gov.bc.ca/gov/content/governments/organizational-structure/ministries-organizations,Yes,ADR,,c702252b-5c28-4122-8a1c-1d75c0195165,crown-corporations,,string,
Crown Land,"Land owned and administered by a government, either federal or provincial. In British Columbia, Federal (Canadian) Crown land includes National Parks, Indian Reserves, federal ports and military bases. Provincial Crown land includes provincial parks and all ungranted land (wilderness) within the provincial boundaries. Most of British Columbia is Crown land.","Land owned and administered by a government, either federal or provincial. In British Columbia, Federal (Canadian) Crown land includes National Parks, Indian Reserves, federal ports and military bases. Provincial Crown land includes provincial parks and all ungranted land (wilderness) within the provincial boundaries. Most of British Columbia is Crown land.",Yes,,Business,Land Title and Survey Authority of British Columbia,https://ltsa.ca/property-owners/about-land-records/glossary/,,,PeopleGovernment,https://ltsa.ca/property-owners/about-land-records/glossary/,Yes,ADR,,47904b3d-591e-4dda-a916-92eca9bde64d,crown-land,,string,
Data,"The smallest meaningful units of recorded information generated by an organization, which gain significance when stored in a structured manner that enables them to be synthesized and interpreted.","The smallest meaningful units of recorded information generated by an organization, which gain significance when stored in a structured manner that enables them to be synthesized and interpreted.",Yes,,Data,Managing Government Information Policy,https://www2.gov.bc.ca/gov/content?id=32A530E73D344273B378A7B0B5DF2916,,,,https://www2.gov.bc.ca/gov/content?id=32A530E73D344273B378A7B0B5DF2916,Yes,Catalogue,,25a1aa5d-6787-4d26-8359-5985765edae5,data,,string,
Data Accessibility,"The ability for authorized users to easily find, retrieve, and use data when they need it, supported by appropriate permissions, usable formats, documentation, and interoperability that allows data to work across systems and contexts.","The ability for authorized users to easily find, retrieve, and use data when they need it, supported by appropriate permissions, usable formats, documentation, and interoperability that allows data to work across systems and contexts.",Yes,,Data,Draft Data Register Standard,,,,,https://bcgov.sharepoint.com/:w:/r/teams/00108/Shared%20Documents/TM_ADR/POL%20Data%20Register%20Standard/Endorsements/Data%20Register%20Standard%20DRAFT.docx?d=w2902afec895d43408463adacd02decd3&csf=1&web=1&e=QEg5Tp,Yes,ADR,,94c48891-3cd9-4fd3-879d-f4de839281eb,data-accessibility,,string,
Data Catalogue,"A data catalogue is a listing of data in an organization (e.g., B.C. Data Catalogue) that is designed to help data users quickly find appropriate data for any analytical or business purpose.","A data catalogue is a listing of data in an organization (e.g., B.C. Data Catalogue) that is designed to help data users quickly find appropriate data for any analytical or business purpose.",Yes,,Data Management,Data Management Policy,https://www2.gov.bc.ca/gov/content?id=706EBC0C26B146EBB8641813DB32946B,,,,https://www2.gov.bc.ca/gov/content?id=706EBC0C26B146EBB8641813DB32946B,Yes,Catalogue,,e7987f53-0df6-471c-8202-6db5eda53fd4,data-catalogue,,string,
Data Consumer,"A Data Consumer, in the context of B.C. Data Catalogue, is an individual or group that uses the B.C. Data Catalogue to search for and access datasets. Data Consumers may be internal (within the B.C. Government and broader public sector) or external (public users).","A data consumer is an individual, team, or system that discovers, accesses, and uses data provided by others to support applications, services, analysis, or decision-making. Data consumers rely on clear metadata, quality assurances, and stable access mechanisms to confidently integrate and use data.",Yes,,Data,Draft Data Register Standard,,,,,,No,ADR,,e6b763eb-de12-4cf4-aa1b-a25ad51c5f0a,data-consumer,,string,
Data Custodian,"For the data assigned to them, data custodians provide oversight throughout its lifecycle; ensure intended users of the data are supported and trained appropriately; and the data meets the requirements of applicable laws, policies, and standards.","For the data assigned to them, data custodians provide oversight throughout its lifecycle; ensure intended users of the data are supported and trained appropriately; and the data meets the requirements of applicable laws, policies, and standards.",Yes,,Data Management,Data Management Policy,https://www2.gov.bc.ca/gov/content?id=706EBC0C26B146EBB8641813DB32946B,,,,https://www2.gov.bc.ca/gov/content?id=706EBC0C26B146EBB8641813DB32946B,Yes,Catalogue,,fac64871-82e4-4c6c-8e45-e94708586c55,data-custodian,,string,
Data Element,"The smallest identifiable unit of data with a defined meaning, typically represented as an attribute or field within a data model or dataset.","The smallest identifiable unit of data with a defined meaning, typically represented as an attribute or field within a data model or dataset.",Yes,,Data,Draft Data Register Standard,,,,,https://bcgov.sharepoint.com/:w:/r/teams/00108/Shared%20Documents/TM_ADR/POL%20Data%20Register%20Standard/Endorsements/Data%20Register%20Standard%20DRAFT.docx?d=w2902afec895d43408463adacd02decd3&csf=1&web=1&e=QEg5Tp,Yes,ADR,,61d8f98e-0495-446e-a724-c6222b366a98,data-element,publicBodyId,string,
Data Exchange,"A governed, repeatable transfer of data from a provider to a consumer under an approved legal basis.","A governed, repeatable transfer of data from a provider to a consumer under an approved legal basis.",Yes,SDX,Integration,API Program Services,,,,,https://dpdd.atlassian.net/wiki/spaces/POSM/pages/edit-v2/1389330560,Yes,APS,,722582cb-b494-4b1b-b8c2-3944edd1a5ed,data-exchange,,string,
Data Interoperability,"The ability for multiple systems to reliably exchange and understand data using standardized machine-readable formats, shared semantic definitions, and common technical protocols in alignment with applicable policies and standards.","The ability for multiple systems to reliably exchange and understand data using standardized machine-readable formats, shared semantic definitions, and common technical protocols in alignment with applicable policies and standards.",Yes,,Integration,Draft Data Register Standard,,,,,https://bcgov.sharepoint.com/:w:/r/teams/00108/Shared%20Documents/TM_ADR/POL%20Data%20Register%20Standard/Endorsements/Data%20Register%20Standard%20DRAFT.docx?d=w2902afec895d43408463adacd02decd3&csf=1&web=1&e=hdgfWq,No,ADR,,6133ed47-2a91-4e53-849d-b775fcf82aaa,data-interoperability,,string,
Data Minimization Rule,Restricts shared data to the minimum required for the purpose.,Restricts shared data to the minimum required for the purpose.,Yes,,Privacy and Security,API Program Services,,,,,https://dpdd.atlassian.net/wiki/spaces/POSM/pages/1389330560/APS+Terminology+Glossary+-+2026,Yes,APS,,1e71f1d0-79f4-4d1d-b1da-6cd97c1d6b12,data-minimization-rule,,string,
Data Provider,"Data Providers are members of Government Ministries, Crown Corporations and Broader Public Sector agencies who list data in the BCDC. Data Providers may hold one or more roles in the catalogue, e.g. Catalogue Editor.","A data provider is an individual, team, or organization responsible for creating, managing, governing, and sharing data for use by others. Data providers ensure that datasets are accurate, well-described, policy-compliant, and fit for reuse, and they define the conditions under which the data can be accessed and used (e.g., via APIs, data products, or exchanges).",Yes,,Data,Draft Data Register Standard,,,,,,No,ADR,,103ac7b2-3426-40ac-bd26-6e90d6eff7da,data-provider,,string,
Data Quality,"A measure of the data’s reliability, including its accuracy, completeness, timeliness, consistency, validity, uniqueness, and interoperability. ","A measure of the data’s reliability, including its accuracy, completeness, timeliness, consistency, validity, uniqueness, and interoperability. ",Yes,,Data Management,Data Management Policy,https://www2.gov.bc.ca/gov/content?id=706EBC0C26B146EBB8641813DB32946B,,,,https://www2.gov.bc.ca/gov/content?id=706EBC0C26B146EBB8641813DB32946B,Yes,ADR,,9fadb01e-fdd8-4c8f-82d8-2ba1ad6566dc,data-quality,96 out of 100,string,
Data Quality Assessment Framework,"Data Quality Assessment Framework defines standardized dimensions of data quality and associated measures for assessing the level of data quality. A measure may apply at the dataset, record, and/or attribute level.","Data Quality Assessment Framework defines standardized dimensions of data quality and associated measures for assessing the level of data quality. A measure may apply at the dataset, record, and/or attribute level.",Yes,,Data Management,Draft Data Quality Assessment Standard,,,,,https://bcgov.sharepoint.com/:w:/r/teams/00108/Shared%20Documents/TM_ADR/POL%20Data%20Quality%20Assessment%20Standard/Data%20Quality%20Assessment%20Standard%20LIVING%20DRAFT.docx?d=wf42c4603823f4db58cb5f3efa2b9c321&csf=1&web=1&e=8oQ9Mq,Yes,ADR,,e868d9f6-371e-4601-b2cb-baa0dcc539df,data-quality-assessment-framework,,string,
Data Quality Scorecard,"A Data Quality Scorecard is an instance or snapshot of a dataset’s data quality measures, as defined by the Data Quality Assessment Framework.","A Data Quality Scorecard is an instance or snapshot of a dataset’s data quality measures, as defined by the Data Quality Assessment Framework.",Yes,,Data Management,Draft Data Quality Assessment Standard,,,,,https://bcgov.sharepoint.com/:w:/r/teams/00108/Shared%20Documents/TM_ADR/POL%20Data%20Quality%20Assessment%20Standard/Data%20Quality%20Assessment%20Standard%20LIVING%20DRAFT.docx?d=wf42c4603823f4db58cb5f3efa2b9c321&csf=1&web=1&e=8oQ9Mq,Yes,ADR,,0d2898a9-b4bc-478f-9a0e-d9586aae479c,data-quality-scorecard,,string,
Data Register,"A set of data that contains Authoritative Data and follows a specific standard to ensure quality, interoperability, and data sharing. ","A set of data that contains Authoritative Data and follows a specific standard to ensure quality, interoperability, and data sharing. ",Yes,,Data Management,Data Management Policy,https://www2.gov.bc.ca/gov/content?id=706EBC0C26B146EBB8641813DB32946B,,,,https://www2.gov.bc.ca/gov/content?id=706EBC0C26B146EBB8641813DB32946B,Yes,ADR,,ab328591-774b-4789-90f6-4c533fcc1b16,data-register,,string,
Data Resource,"Data Resource (or Resource) for a Data Catalogue is a file containing actual data, uploaded to the Catalogue (e.g. CSV, xls, XML etc.); or relevant information in the Catalogue, describing how to obtain the actual data (e.g. API specification). A data resource is always relevant to a particular Dataset.","Data Resource (or Resource) for a Data Catalogue is a file containing actual data, uploaded to the Catalogue (e.g. CSV, xls, XML etc.); or relevant information in the Catalogue, describing how to obtain the actual data (e.g. API specification). A data resource is always relevant to a particular Dataset.",Yes,,Data,BC Data Catalogue,,,,,https://bcgov.sharepoint.com/:w:/r/teams/00108/Shared%20Documents/TM_DDS/Projects%20and%20Initiatives/2025-09%20Connected%20Services%20and%20Enhanced%20Catalogue/Business%20Analysis%20and%20Requirements/CITZ%20BCDC%20-%20Business%20Requirements%20Document%20-%20Draft%20v0.08%20(current).docx?d=wb7271ba34bec42a180b57e8d5bfe623b&csf=1&web=1&e=J9y3Z3,Yes,Catalogue,,c583cc43-5bf9-4feb-b9f0-a5658d414df8,data-resource,,string,
Data Sharing Agreement,"The Data Sharing Agreement (DSA) is a legal agreement defining the lawful basis, permitted use, retention, and custodianship for an exchange.","The Data Sharing Agreement (DSA) is a legal agreement defining the lawful basis, permitted use, retention, and custodianship for an exchange.",Yes,,Privacy and Security,API Program Services,,,,,https://dpdd.atlassian.net/wiki/spaces/POSM/pages/edit-v2/1389330560,Yes,APS,,7561a095-77d2-4aec-9b90-cc4cf3932305,data-sharing-agreement-dsa,,string,
Dataset,A Dataset refers to a description (of what the Dataset is about) + collection of metadata elements / attributes / objects + optionally Data Resource(s); where a metadata element / attribute / object is any one piece of relevant metadata for the Dataset.,"The structured collection of data for a defined topic, for example an entity, domain, or subject area. Dataset refers to the data, metadata about the dataset as well as optionally associated Data Resource/s",Yes,,Data,BC Data Catalogue,,,,,https://bcgov.sharepoint.com/:w:/r/teams/00108/Shared%20Documents/TM_DDS/Projects%20and%20Initiatives/2025-09%20Connected%20Services%20and%20Enhanced%20Catalogue/Business%20Analysis%20and%20Requirements/CITZ%20BCDC%20-%20Business%20Requirements%20Document%20-%20Draft%20v0.08%20(current).docx?d=wb7271ba34bec42a180b57e8d5bfe623b&csf=1&web=1&e=J9y3Z3,Yes,Catalogue,,03ce77f3-8e3e-4c6a-a8e0-275f530a3188,dataset,,string,
Delegated Intermediary,"A platform component that acts on behalf of a provider or consumer, such as a gateway or proxy.","A system, service, or platform component authorized to act between exchange participants to route, broker, enforce, or transform a data exchange on behalf of a provider or consumer.",Yes,,Integration,API Program Services,,,,,https://dpdd.atlassian.net/wiki/spaces/POSM/pages/edit-v2/1389330560,Yes,APS,,7fcb693a-da83-477c-9b15-194010c27ce7,delegated-intermediary,,string,
Delegation,"Delegation is a secure, formalized process that permits an individual to authorize another individual to access, manage or act on their behalf within digital government services.  
Delegation enables individuals —especially the elderly, persons with disabilities, or those with limited digital literacy—to benefit from digital services without being excluded. ","Delegation is a secure, formalized process that permits an individual to authorize another individual to access, manage or act on their behalf within digital government services.  
Delegation enables individuals —especially the elderly, persons with disabilities, or those with limited digital literacy—to benefit from digital services without being excluded. ",Yes,,Privacy and Security,Consent and Delegation Framework,,,,,https://bcgov.sharepoint.com/:w:/r/teams/12320-ConnectedServicesStrategicPriority/_layouts/15/Doc.aspx?sourcedoc=%7B51098F63-B69C-4575-B25C-9FA88C4CFDFA%7D&file=Consent%20and%20Delegation%20Framework%20for%20Connected%20Services.docx&action=default&mobileredirect=true,Yes,SDG,,54c64fbd-9f57-4882-a685-6d1b85c1be35,delegation,,string,
Dependant,"In relation to another person, it means anyone who resides with the person and who is the spouse of the other person, or is a dependent child of the person, or indicates a parental role for the person's dependent child. 
Note: Adults are not considered to be dependants of each other on the sole basis of demonstrating a parental role towards the same child.

Dependant in the SDPR context refers to a child who lives with the applicant more than 50% of the time","In relation to another person, it means anyone who resides with the person and who is the spouse of the other person, or is a dependent child of the person, or indicates a parental role for the person's dependent child.  Note: Adults are not considered to be dependants of each other on the sole basis of demonstrating a parental role towards the same child.  ",Yes,,Business,Income and Disability Assistance,https://www.myselfserve.gov.bc.ca/,,,GovernmentPeople,https://www.myselfserve.gov.bc.ca/,Yes,ADR,,9a26479a-dc7f-40a2-bb24-bf2a10cddd1d,dependant,,string,
Dependent Child,"With respect to a parent, it means a child, other than a child who is 18 years of age and is a person with disabilities, who resides in the parent's place of residence for more than 50 per cent of each month and relies on that parent for the necessities of life. 

In relation to a dependent child, a parent includes but is not limited to:
•	A biological mother or father; 
•	An adoptive mother or father; 
•	A person with legal custody, other than a director under the Child, Family and Community Service Act or an administrator under the Adoption Act; 
•	A person with legal guardianship, other than a director under the Child, Family and Community Service Act or an administrator under the Adoption Act OR 
•	A person who is the parent of the parenting dependent child.","With respect to a parent, it means a child, other than a child who is 18 years of age and is a person with disabilities, who resides in the parent's place of residence for more than 50 per cent of each month and relies on that parent for the necessities of life.   In relation to a dependent child, a parent includes but is not limited to: A biological mother or father;  An adoptive mother or father;  A person with legal custody, other than a director under the Child, Family and Community Service Act or an administrator under the Adoption Act;  A person with legal guardianship, other than a director under the Child, Family and Community Service Act or an administrator under the Adoption Act OR  A person who is the parent of the parenting dependent child.A client temporarily caring for a child without legal custody or guardianship may also be considered a parent. Caring for a child may include one or more of the following, but is not limited to:making day-to-day decisions affecting the child;having day-to-day care, control and supervision of the child;making decisions respecting where the child will reside;making decisions respecting the child's education and participation in extracurricular activities;making decisions respecting the child's cultural, linguistic, religious and spiritual upbringing and heritage;applying for a passport, licence, permit, benefit, privilege or other thing for the child;exercising any other responsibilities reasonably necessary to nurture the child's development. Note: Under certain circumstance a dependent child may be excluded from a family unit. For example, when two parents are separated but are residing together and the dependent child resides with both the separated parents 100% of the time.  ",Yes,,Business,Income and Disability Assistance,https://www.myselfserve.gov.bc.ca/,,,GovernmentPeople,https://www.myselfserve.gov.bc.ca/,Yes,ADR,,be01f6fe-95b4-442b-99d3-cef40627dbea,dependent-child,,string,
Dependent post-secondary student,"A resident of B.C. who meets all of the following conditions:Older than 18 and younger than 25 years of age In full-time attendance at a recognized post-secondary institution (this includes trade, technical or high schools) Supported by a beneficiary who is the person’s parent or who stands in place of the person’s parent","A resident of B.C. who meets all of the following conditions:

Older than 18 and younger than 25 years of age

In full-time attendance at a recognized post-secondary institution (this includes trade, technical or high schools)

Supported by a beneficiary who is the person’s parent or who stands in place of the person’s parent",Yes,,Business,Medical Services Plan,https://www2.gov.bc.ca/gov/content?id=A24BB960F5234630BCB9DE847EEFD07B,,,HealthPeople,https://www2.gov.bc.ca/gov/content/health/health-drug-coverage/msp/bc-residents/eligibility-and-enrolment/are-you-eligible#dependents,Yes,ADR,,b60208a0-869d-4a97-b818-5a0688777be3,dependent-post-secondary-student,,string,
Dependents,"Dependents include a spouse, children and dependent post-secondary students.","Dependents include a spouse, children and dependent post-secondary students.",Yes,,Business,Medical Services Plan,https://www2.gov.bc.ca/gov/content?id=A24BB960F5234630BCB9DE847EEFD07B,,,HealthPeople,https://www2.gov.bc.ca/gov/content/health/health-drug-coverage/msp/bc-residents/eligibility-and-enrolment/are-you-eligible#dependents,Yes,ADR,,f131d1cc-1788-4e0a-9eb5-1d5696f55b05,dependents,,string,
Document,"A document refers to any of the land title forms or supporting material (including survey plans) which are submitted as part of an application to register an interest in land within British Columbia. Examples include: title transfers, mortgages and easements.","A document refers to any of the land title forms or supporting material (including survey plans) which are submitted as part of an application to register an interest in land within British Columbia. Examples include: title transfers, mortgages and easements.",Yes,,Business,Land Title and Survey Authority of British Columbia,https://ltsa.ca/property-owners/about-land-records/glossary/,,,PeopleInfrastructure,https://ltsa.ca/property-owners/about-land-records/glossary/,Yes,ADR,,69821c3e-e020-4626-a059-962b92c02e86,document,,string,
Endpoint,Specific URLs or interfaces in an API or service where requests are sent and responses are returned; the “access points” for interacting with a system.,Specific URLs or interfaces in an API or service where requests are sent and responses are returned; the “access points” for interacting with a system.,Yes,,Technical,API Program Services,,,,,https://dpdd.atlassian.net/wiki/spaces/POSM/pages/1389330560/Updated+CS+Terminology+Language,Yes,APS,,cbc0f8f6-00f7-4ecc-b8a6-19fc1cf9c177,endpoint,https://api.example.gov.bc.ca/v1/public-bodies,string,"{""format"":""uri""}"
Enterprise Data,"Enterprise data is collected, managed, and used across all departments of an organization for planning, operations, and decision-making. It is governed by processes (Enterprise Data Management) to ensure it is accurate, secure, and accessible for business value.   

Enterprise data is listed in the B.C. Data Catalogue, and the listing is limited / restricted to users within the B.C. Government and broader public sector accessed via an authentication method. 

All Enterprise Data listed in the B.C. Data Catalogue is High Value Data, some of which may also be Authoritative Data.

Enterprise data and Open data are mutually exclusive.  However, Enterprise data may be re-classified as Open data at any point in time and as such, will be made available to the public.","Enterprise data is collected and used across all departments in an organization to support planning, daily operations, and decision‑making. It is governed by processes (Enterprise Data Management) to ensure it is accurate, secure, and accessible for business value.   ",Yes,,Data,BC Data Catalogue,,,,,https://bcgov.sharepoint.com/:w:/r/teams/00108/Shared%20Documents/TM_DDS/Projects%20and%20Initiatives/2025-09%20Connected%20Services%20and%20Enhanced%20Catalogue/Business%20Analysis%20and%20Requirements/CITZ%20BCDC%20-%20Business%20Requirements%20Document%20-%20Draft%20v0.08%20(current).docx?d=wb7271ba34bec42a180b57e8d5bfe623b&csf=1&web=1&e=J9y3Z3,Yes,Catalogue,,a670e700-b7ae-49e0-a5cf-7ccde961f5ea,enterprise-data,,string,
Entity,"A uniquely identifiable real-world object, event, or concept about which data is stored. Entities are described by attributes and may have relationships with other entities.","A uniquely identifiable real-world object, event, or concept about which data is stored. Entities are described by attributes and may have relationships with other entities.",Yes,,Data,Draft Data Register Standard,,,,,https://bcgov.sharepoint.com/:w:/r/teams/00108/Shared%20Documents/TM_ADR/POL%20Data%20Register%20Standard/Endorsements/Data%20Register%20Standard%20DRAFT.docx?d=w2902afec895d43408463adacd02decd3&csf=1&web=1&e=QEg5Tp,Yes,ADR,,301c7078-5504-4fa2-a1ff-de4dc24fb571,entity,,string,
Equity,Equity is defined as the value of a piece of property (such as a house) after any debts that remain to be paid for it (such as the amount of a mortgage) have been subtracted.,Equity is the percentage of property value remaining after all charges registered against your property and current year property taxes have been deducted from the current assessed value.,Yes,,Business,Income and Disability Assistance,https://www2.gov.bc.ca/gov/content/taxes/property-taxes/annual-property-tax/property-tax-deferment-program/understanding-equity,,,GovernmentInfrastructure,https://www2.gov.bc.ca/gov/content/taxes/property-taxes/annual-property-tax/property-tax-deferment-program/understanding-equity,Yes,ADR,,d54e2688-72a8-4d72-b742-e7dacc9c1ab0,equity,65.0,number,"{""minimum"":0,""maximum"":100}"
"Extract, Transform, Load","Extract, Transform, Load (ETL) is a process that extracts, transforms, and loads data from multiple sources to a data warehouse or other unified data repository. ","Extract, Transform, Load (ETL) is a process that extracts, transforms, and loads data from multiple sources to a data warehouse or other unified data repository. ",Yes,,Integration,API Program Services,,,,,https://dpdd.atlassian.net/wiki/spaces/POSM/pages/1389330560/APS+Terminology+Glossary+-+2026,Yes,APS,,a093d869-940a-4f09-ad34-bf427cbafc45,extract-transform-load-etl,,string,
Fee Simple,Fee Simple is the form of ownership of real property (real estate) in which the owner has the right to control and transfer the property at will.,Fee Simple is the form of ownership of real property (real estate) in which the owner has the right to control and transfer the property at will.,Yes,,Business,Land Title and Survey Authority of British Columbia,https://ltsa.ca/property-owners/about-land-records/glossary/,,,PeopleInfrastructure,https://ltsa.ca/property-owners/about-land-records/glossary/,Yes,ADR,,82795198-6b43-4ae2-a48c-18c4327aee7e,fee-simple,Fee simple,string,
Given Name,"Primary Documented Given Name from the BCSC.
The individual's documented given name recorded from valid identification.
Note: This returns first name only and may not include all portions of the first name.",The individual's documented given name recorded from valid identification. Note: This returns first name only and may not include all portions of the first name.,Yes,,Business,BC Registries and Online Services,https://www2.gov.bc.ca/gov/content?id=68646C26E4C241B09B60AE892FEEA829,,,People,"https://bcgov.sharepoint.com/:w:/r/teams/00108/Shared%20Documents/TM_ADR/UC%20DATA/DATA%20IAS/BCSC%20documents/BC%20services%20card%20-%20data%20attribute%20it%20has%20-%20PIA.docx?d=w407a76177ed24f649134baaf73c3f5d3&csf=1&web=1&e=kOpEf9
https://www2.gov.bc.ca/gov/content/governments/organizational-structure/ministries-organizations/ministries/citizens-services/bc-registries-online-services",No,ADR,,99144c23-144f-4d18-88f6-b311e533e54e,given-name,Alex,string,
Government Service,A government service is a way for people to give or get something they need. An example is registering a child’s birth or incorporating a business.,A government service is a way for people to give or get something they need. An example is registering a child’s birth or incorporating a business.,Yes,,Business,Public Sector Services,https://www2.gov.bc.ca/gov/content?id=B990ECA6DAB94CD0BE2C1AE7BD439ADC,Globally Unique Identifier,,Government,https://www2.gov.bc.ca/gov/content/governments/services-for-government/service-experience-digital-delivery/web-content-development-guides/web-style-guide/writing-guide/web-services,No,ADR,,62e34ddc-4ea5-41a6-a0c9-6e78f6a0bae3,government-service,,string,
High Value Data,"High Value Data holds significant business value, enabling decision-making in support of programs, services, evaluation, and accountability requirements that benefit a high number of users. This includes data that supports critical services or data of public interest or permanent value (e.g., critical information and authoritative data).

The B.C. Data Catalogue only holds High Value Datasets.","High Value Data holds significant business value, enabling decision-making in support of programs, services, evaluation, and accountability requirements that benefit a high number of users. This includes data that supports critical services or data of public interest or permanent value (e.g., critical information and authoritative data).

The B.C. Data Catalogue only holds High Value Datasets.",Yes,,Data,Data Management Policy,https://www2.gov.bc.ca/gov/content?id=706EBC0C26B146EBB8641813DB32946B,,,,https://www2.gov.bc.ca/gov/content?id=706EBC0C26B146EBB8641813DB32946B,Yes,Catalogue,,8e71744a-ebd1-46ad-82fd-3bcc5c32fdb2,high-value-data,,string,
Immutable,"An element (such as an identifier, data structure, or stored record) is considered immutable when its value or state is fixed at creation and does not change thereafter. Immutability provides a consistent point of reference and supports reliable auditing, versioning, and data integrity, even as related or derived information may evolve.","An element (such as an identifier, data structure, or stored record) is considered immutable when its value or state is fixed at creation and does not change thereafter. Immutability provides a consistent point of reference and supports reliable auditing, versioning, and data integrity, even as related or derived information may evolve.",Yes,,Technical,Draft Data Register Standard,,,,,https://bcgov.sharepoint.com/:w:/r/teams/00108/Shared%20Documents/TM_ADR/POL%20Data%20Register%20Standard/Endorsements/Data%20Register%20Standard%20DRAFT.docx?d=w2902afec895d43408463adacd02decd3&csf=1&web=1&e=QEg5Tp,Yes,ADR,,ea050745-5a9f-4c7b-b4ef-2b750bed999b,immutable,,string,
"Independent boards, commissions and tribunals","Independent boards, commissions and tribunals are established by the government to perform arbitration, regulation or similar functions. The provincial government appoints at least one representative to these agencies.","Independent boards, commissions and tribunals are established by the government to perform arbitration, regulation or similar functions. The provincial government appoints at least one representative to these agencies.",Yes,,Business,Government Structure,https://www2.gov.bc.ca/gov/content?id=F024503C72F64D8380441972977188D6,,,Government,https://www2.gov.bc.ca/gov/content/governments/organizational-structure/ministries-organizations,Yes,ADR,Need to separate these terms into their own rows.,37f79c0d-0380-4183-82e9-e756294c7d8e,independent-boards-commissions-and-tribunals,,string,
Integration,"The technical implementation that enables an exchange, such as APIs, connectors, or file transfers.","The technical implementation that enables an exchange, such as APIs, connectors, or file transfers.",Yes,,Integration,API Program Services,,,,,https://dpdd.atlassian.net/wiki/spaces/POSM/pages/1389330560/Updated+CS+Terminology+Language,Yes,APS,,8b6a24fe-a037-4b20-962f-5c3cbc02ad69,integration,,string,
Interest Holder,"A beneficial owner of a relevant trust, a corporate interest holder of a relevant corporation, or a partnership interest holder of a relevant partnership","A beneficial owner of a relevant trust, a corporate interest holder of a relevant corporation, or a partnership interest holder of a relevant partnership",Yes,,Business,Land Title and Survey Authority of British Columbia,https://ltsa.ca/property-owners/about-land-records/glossary/,,,PeopleBusiness,https://ltsa.ca/property-owners/about-land-records/glossary/,Yes,ADR,,c1616d68-0fb8-4dbc-8f44-9b2d300c6c84,interest-holder,,string,
Interest in Land,"As defined in LOTA, this term refers to an estate in fee simple;
•	a life estate in land;
•	a right to occupy land under a lease that has a term of more than 10 years;
•	a right under an agreement for sale to occupy land,
•	or require the transfer of an estate in fee simple.
","As defined in LOTA, this term refers to an estate in fee simple; a life estate in land; a right to occupy land under a lease that has a term of more than 10 years; a right under an agreement for sale to occupy land, or require the transfer of an estate in fee simple. ",Yes,,Business,Land Title and Survey Authority of British Columbia,https://ltsa.ca/property-owners/about-land-records/glossary/,,,PeopleInfrastructure,https://ltsa.ca/property-owners/about-land-records/glossary/,Yes,ADR,,89c2ce5b-229f-4f1b-8deb-8257036a1460,interest-in-land,,string,
Land Act,"An enactment that provides the statutory framework for the administration of Crown land, establishes the responsibilities of government Ministers regarding the administration of Crown land and provides for the delegation of certain authorities. Many powers have been delegated to the Surveyor General with respect to Crown land definition and disposition.","An enactment that provides the statutory framework for the administration of Crown land, establishes the responsibilities of government Ministers regarding the administration of Crown land and provides for the delegation of certain authorities. Many powers have been delegated to the Surveyor General with respect to Crown land definition and disposition.",Yes,,Business,Land Title and Survey Authority of British Columbia,https://ltsa.ca/property-owners/about-land-records/glossary/,,,PeopleGovernment,"https://ltsa.ca/property-owners/about-land-records/glossary/
http://www.bclaws.ca/EPLibraries/bclaws_new/document/ID/freeside/00_96245_01",Yes,ADR,,e4af8fd0-8e69-46d7-8a88-1b2220f20ef9,land-act,,string,
Land Owner Transparency Act,"The Land Owner Transparency Act was passed by the government of British Columbia in May 2019. The first-of-its-kind in Canada, it created an accessible registry of beneficial interests in land in B.C. – the Land Owner Transparency Registry.","The Land Owner Transparency Act was passed by the government of British Columbia in May 2019. The first-of-its-kind in Canada, it created an accessible registry of beneficial interests in land in B.C. – the Land Owner Transparency Registry.",Yes,,Business,Land Title and Survey Authority of British Columbia,https://ltsa.ca/property-owners/about-land-records/glossary/,,,PeopleGovernment,"https://www.bclaws.gov.bc.ca/civix/document/id/complete/statreg/19023
https://ltsa.ca/property-owners/about-land-records/glossary/",Yes,ADR,,22f1bfee-dbff-400f-b1a6-12e851e11f4c,land-owner-transparency-act,,string,
Land Owner Transparency Registry,"A publicly searchable registry of information about beneficial ownership of land in British Columbia. Beneficial owners are people who own or control land indirectly, such as through a corporation, partnership, or trust. The registry is intended to end hidden ownership of land in BC. The Land Owner Transparency Registry launched November 30, 2020, and opened to public search on April 30, 2021. ","A publicly searchable registry of information about beneficial ownership of land in British Columbia. Beneficial owners are people who own or control land indirectly, such as through a corporation, partnership, or trust. The registry is intended to end hidden ownership of land in BC. The Land Owner Transparency Registry launched November 30, 2020, and opened to public search on April 30, 2021. ",Yes,,Business,Land Title and Survey Authority of British Columbia,https://ltsa.ca/property-owners/about-land-records/glossary/,,,PeopleGovernment,"https://landtransparency.ca/
https://ltsa.ca/property-owners/about-land-records/glossary/",Yes,ADR,,a2b46bd5-1828-4c54-8d65-0c211147f2be,land-owner-transparency-registry,,string,
Land Title Act,"A comprehensive 400-section statute that prescribes the legal program under which the land title system operates, the Land Title Act designates:
•	The Director of Land Titles to regulate land title practice.
•	The Registrar(s) of Land Titles as the primary statutory decision maker(s) in the administration of the land title system.
The Land Title Act establishes the land title register and requirements respecting its operation and records.
","A comprehensive 400-section statute that prescribes the legal program under which the land title system operates, the Land Title Act designates:
•	The Director of Land Titles to regulate land title practice.
•	The Registrar(s) of Land Titles as the primary statutory decision maker(s) in the administration of the land title system.
The Land Title Act establishes the land title register and requirements respecting its operation and records.
",Yes,,Business,Land Title and Survey Authority of British Columbia,https://ltsa.ca/property-owners/about-land-records/glossary/,,,PeopleGovernment,https://ltsa.ca/property-owners/about-land-records/glossary/,Yes,ADR,,63e3ece2-6ce1-4b44-bb88-68a0f4b7ebe5,land-title-act,,string,
Land Title Register,"That part of the records of the land title office, including electronic records, where information respecting registered indefeasible titles is stored. It is independently maintained by the LTSA under the statutory authority of the registrars of land titles and in accordance with the requirements of the Land Title Act respecting permanent records retention.","That part of the records of the land title office, including electronic records, where information respecting registered indefeasible titles is stored. It is independently maintained by the LTSA under the statutory authority of the registrars of land titles and in accordance with the requirements of the Land Title Act respecting permanent records retention.",Yes,,Business,Land Title and Survey Authority of British Columbia,https://ltsa.ca/property-owners/about-land-records/glossary/,,,PeopleGovernment,https://ltsa.ca/property-owners/about-land-records/glossary/,Yes,ADR,,7e3aa98f-e12e-4d90-bcc6-e37c4b03c393,land-title-register,,string,
Legal Description,"A unique identifier for each parcel of land in the province. It is a text description that may include lot number, plan number, survey system identifiers (Range, Block, Township, District Lot, District, etc.) and other text. ","A unique identifier for each parcel of land in the province. It is a text description that may include lot number, plan number, survey system identifiers (Range, Block, Township, District Lot, District, etc.) and other text. ",Yes,,Business,Land Title and Survey Authority of British Columbia,https://ltsa.ca/property-owners/about-land-records/glossary/,,,PeopleInfrastructure,https://ltsa.ca/property-owners/about-land-records/glossary/,Yes,ADR,,1129d94e-bfd4-4204-a540-bed4057dbd33,legal-description,"LOT 1, PLAN EPP12345, DISTRICT LOT 123, NEW WESTMINSTER LAND DISTRICT",string,
Legal Notations,"Information recorded against a title to land following the receipt of an application concerning matters other than ownership of interests in land, such as statutory restrictions on use (such as the application of a heritage designation bylaw) or rights relating to other land (such as the existence of an appurtenant easement on the title of adjacent land).","Information recorded against a title to land following the receipt of an application concerning matters other than ownership of interests in land, such as statutory restrictions on use (such as the application of a heritage designation bylaw) or rights relating to other land (such as the existence of an appurtenant easement on the title of adjacent land).",Yes,,Business,Land Title and Survey Authority of British Columbia,https://ltsa.ca/property-owners/about-land-records/glossary/,,,People,https://ltsa.ca/property-owners/about-land-records/glossary/,Yes,ADR,,9c671e89-8279-4ac6-a2f4-7e3877329857,legal-notations,,string,
Lien,"An interest in land claimed to secure the payment of a debt or the performance of some other obligation. Examples include Claim of Builders Lien for payment of debt related to labour or materials, Certificate of Lien for payment of strata fees, or Tax Act Liens for payment of various taxes.","An interest in land claimed to secure the payment of a debt or the performance of some other obligation. Examples include Claim of Builders Lien for payment of debt related to labour or materials, Certificate of Lien for payment of strata fees, or Tax Act Liens for payment of various taxes.",Yes,,Business,Land Title and Survey Authority of British Columbia,https://ltsa.ca/property-owners/about-land-records/glossary/,,,People,https://ltsa.ca/property-owners/about-land-records/glossary/,Yes,ADR,,c9a6cb24-70a8-4dc2-99cb-f04e4ede857c,lien,,string,
Locality,"The city, municipality or district of an individual's provided residential address.","The city, municipality or district of an individual's provided residential address.",Yes,,Business,BC Registries and Online Services,https://www2.gov.bc.ca/gov/content?id=68646C26E4C241B09B60AE892FEEA829,,,People,"https://bcgov.sharepoint.com/:w:/r/teams/00108/Shared%20Documents/TM_ADR/UC%20DATA/DATA%20IAS/BCSC%20documents/BC%20services%20card%20-%20data%20attribute%20it%20has%20-%20PIA.docx?d=w407a76177ed24f649134baaf73c3f5d3&csf=1&web=1&e=kOpEf9
https://www2.gov.bc.ca/gov/content/governments/organizational-structure/ministries-organizations/ministries/citizens-services/bc-registries-online-services",No,ADR,,bc0f8e35-c35a-42b1-9b9e-2e3ffbfbcc87,locality,Victoria,string,
Master Data,"Core, non-transactional data that describes key business entities (e.g., persons in BC, services, assets, locations). Master Data should represent Authoritative Data so it can be trusted and used with confidence by the entire organization.","Core, non-transactional data that describes key business entities (e.g., persons in BC, services, assets, locations). Master Data should represent Authoritative Data so it can be trusted and used with confidence by the entire organization.",Yes,,Data,Draft Data Register Standard,,,,,https://bcgov.sharepoint.com/:w:/r/teams/00108/Shared%20Documents/TM_ADR/POL%20Data%20Register%20Standard/Endorsements/Data%20Register%20Standard%20DRAFT.docx?d=w2902afec895d43408463adacd02decd3&csf=1&web=1&e=QEg5Tp,Yes,ADR,,f20d563f-8a82-417a-bc30-8d4dd2ca0131,master-data,,string,
Metadata,"Metadata is a set of structured data that describes and gives additional detail about a Dataset. Metadata helps identify, manage, and share Datasets.","Metadata is a set of structured data that describes and gives additional detail about a Dataset. Metadata helps identify, manage, and share Datasets.",Yes,,Data,Data and Information Management,https://www2.gov.bc.ca/gov/content?id=F528E060681144BBBB83246ECB238823,,,,https://www2.gov.bc.ca/gov/content/data/policy-standards/data-standards-and-guidelines/core-metadata-standard,Yes,Catalogue,,8983389a-7650-412b-bfde-524994c37b28,metadata,,string,
Metadata Record,"A Metadata Record is the combination of Description of the Dataset + collection of Metadata attributes / objects / elements; where a Metadata attribute / object / element is any one piece of relevant metadata for the Dataset. 

Core set of metadata attributes / objects / elements are defined in the Metadata Standard.","A Metadata Record is the combination of Description of the Dataset + collection of Metadata attributes / objects / elements; where a Metadata attribute / object / element is any one piece of relevant metadata for the Dataset. 

Core set of metadata attributes / objects / elements are defined in the Metadata Standard.",Yes,,Data Management,BC Data Catalogue,,,,,https://bcgov.sharepoint.com/:w:/r/teams/00108/Shared%20Documents/TM_DDS/Projects%20and%20Initiatives/2025-09%20Connected%20Services%20and%20Enhanced%20Catalogue/Business%20Analysis%20and%20Requirements/CITZ%20BCDC%20-%20Business%20Requirements%20Document%20-%20Draft%20v0.08%20(current).docx?d=wb7271ba34bec42a180b57e8d5bfe623b&csf=1&web=1&e=J9y3Z3,Yes,Catalogue,,a7ee752f-0722-4672-b0f4-652e442e8ee4,metadata-record,,string,
Metadata Template,"Metadata Template refers to an electronic capture format for the metadata schema.

The Metadata Schema defines the structure of the metadata; including, amongst others, core mandatory elements / objects / attributes (as defined in the metadata standard) and additional optional elements / objects / attributes.","Metadata Template refers to an electronic capture format for the metadata schema.

The Metadata Schema defines the structure of the metadata; including, amongst others, core mandatory elements / objects / attributes (as defined in the metadata standard) and additional optional elements / objects / attributes.",Yes,,Data Management,BC Data Catalogue,,,,,https://bcgov.sharepoint.com/:w:/r/teams/00108/Shared%20Documents/TM_DDS/Projects%20and%20Initiatives/2025-09%20Connected%20Services%20and%20Enhanced%20Catalogue/Business%20Analysis%20and%20Requirements/CITZ%20BCDC%20-%20Business%20Requirements%20Document%20-%20Draft%20v0.08%20(current).docx?d=wb7271ba34bec42a180b57e8d5bfe623b&csf=1&web=1&e=J9y3Z3,Yes,Catalogue,,91b0f44f-964d-48ff-be38-bb38c377d77d,metadata-template,,string,
Minimum Viable Dataset,"A Minimum Viable Dataset (MVD) contains only data essential to its purpose.  For example, a Parks Names data register only contains data about park names (official name, legal name, pronunciation) and no other park data.","A Minimum Viable Dataset (MVD) contains only data essential to its purpose.  For example, a Parks Names data register only contains data about park names (official name, legal name, pronunciation) and no other park data.",Yes,,Data,Draft Data Register Standard,,,,,https://bcgov.sharepoint.com/:w:/r/teams/00108/Shared%20Documents/TM_ADR/POL%20Data%20Register%20Standard/Endorsements/Data%20Register%20Standard%20DRAFT.docx?d=w2902afec895d43408463adacd02decd3&csf=1&web=1&e=QEg5Tp,Yes,ADR,,67e44075-68c1-4892-9f52-f08c2b2001c2,minimum-viable-dataset,,string,
Ministries,"The B.C. Public Service is divided into ministries. Each ministry is responsible for a specific area of public policy, government function or service delivery.","The B.C. Public Service is divided into ministries. Each ministry is responsible for a specific area of public policy, government function or service delivery.",Yes,,Business,Government Structure,https://www2.gov.bc.ca/gov/content?id=F024503C72F64D8380441972977188D6,,,Government,https://www2.gov.bc.ca/gov/content/governments/organizational-structure/ministries-organizations,Yes,ADR,,b0d6b711-018a-4813-b39c-5fd922d4bdb5,ministries,,string,
Mortgage,An interest in land granted by the registered owner (the mortgagor) to a lender (the mortgagee) as security for a debt.,An interest in land granted by the registered owner (the mortgagor) to a lender (the mortgagee) as security for a debt.,Yes,,Business,Land Title and Survey Authority of British Columbia,https://ltsa.ca/property-owners/about-land-records/glossary/,,,People,https://ltsa.ca/property-owners/about-land-records/glossary/,Yes,ADR,,b67147da-091b-422e-bf32-b00d1eb4bd11,mortgage,,string,
Non-repudiation,"A security principle that ensures a person or system cannot deny having performed a specific action, such as sending a message or approving a transaction - typically achieved through logging, digital signatures, and strong authentication.","A security principle that ensures a person or system cannot deny having performed a specific action, such as sending a message or approving a transaction - typically achieved through logging, digital signatures, and strong authentication.",Yes,SDX,Privacy and Security,API Program Services,,,,,https://dpdd.atlassian.net/wiki/spaces/POSM/pages/1389330560/Updated+CS+Terminology+Language,Yes,APS,,f7a1075e-e324-4b79-ad47-43b2b87cb0e0,non-repudiation,,string,
Open Data,"Data that has undergone an Open Data Assessment, meets the requirements included in the Open Data Policy, and is listed in the B.C. Data Catalogue. Such Open Data is then made available to the public for copying, publishing, distribution, transmission and adaptation under the terms of the OGL-BC.","Data that has undergone an Open Data Assessment and is licensed under the Open Government Licence - British Columbia. Such Open Data is then made available to the public for copying, publishing, distribution, transmission and adaptation under the terms of the OGL-BC.",Yes,,Data,BC Data Catalogue,https://www2.gov.bc.ca/gov/content?id=48A2761910D6462EB8762758C54224EA,,,,"https://bcgov.sharepoint.com/:w:/r/teams/00108/Shared%20Documents/TM_DDS/Projects%20and%20Initiatives/2025-09%20Connected%20Services%20and%20Enhanced%20Catalogue/Business%20Analysis%20and%20Requirements/CITZ%20BCDC%20-%20Business%20Requirements%20Document%20-%20Draft%20v0.08%20(current).docx?d=wb7271ba34bec42a180b57e8d5bfe623b&csf=1&web=1&e=J9y3Z3
https://www2.gov.bc.ca/gov/content/data/policy-standards/data-policies/open-data",Yes,Catalogue,This definition is insufficient and will need to be revisited with the work on the Open Data Policy.,dd65b33f-ab63-4f32-9f04-e36af723a576,open-data,,string,
Open Government Licence,"“Open Government License” means the Open Government License for government of B.C. Information or such other license approved by the Intellectual Property Program, Ministry of Labour, Citizens’ Services and Open Government.","The standardized licence used by the B.C. Government to let users freely copy, modify, distribute, and commercially reuse specific government-held data.",Yes,,Data Management,Data and Information Management,https://www2.gov.bc.ca/gov/content?id=48A2761910D6462EB8762758C54224EA,,,,https://www2.gov.bc.ca/gov/content/data/policy-standards/data-policies/open-data,No,Catalogue,Drafted a definition.,8dc5e79b-287e-4950-b269-821836f38592,open-government-licence,Open Government Licence - British Columbia,string,
Parcel,"A lot, block or other area in which land is held or into which land is subdivided.","A lot, block or other area in which land is held or into which land is subdivided.",Yes,,Business,Land Title and Survey Authority of British Columbia,https://ltsa.ca/property-owners/about-land-records/glossary/,,,People,https://ltsa.ca/property-owners/about-land-records/glossary/,Yes,ADR,,356ab59c-4cbf-4013-81bb-6c4ef99acda9,parcel,,string,
Parcel Identifier,A nine-digit number that uniquely identifies a parcel in the land title register of British Columbia. The registrar assigns PID numbers to parcels for which a title is being entered in the computer register as a registered title. The Land Title Act refers to the PID as the permanent parcel identifier.,Parcel Identifier (PID) is a nine-digit number that uniquely identifies a parcel in the land title register of British Columbia. The registrar assigns PID numbers to parcels for which a title is being entered in the computer register as a registered title. The Land Title Act refers to the PID as the permanent parcel identifier.,Yes,,Business,Land Title and Survey Authority of British Columbia,https://ltsa.ca/property-owners/about-land-records/glossary/,,,People,https://ltsa.ca/property-owners/about-land-records/glossary/,Yes,ADR,,9927b997-f126-4338-817a-8d9a2279ce64,parcel-identifier-pid,009-123-456,string,
Peer-to-Peer Data Exchange,A data exchange model/pattern where trusted participants exchange data directly through mutually governed intermediaries.,A data exchange model/pattern where trusted participants exchange data directly through mutually governed intermediaries.,Yes,SDX,Integration,API Program Services,,,,,,No,APS,,de4a5cb6-7582-497a-9531-6a5768101249,peer-to-peer-data-exchange,,string,
Personal Health Number,"Each B.C. resident enrolled with the Medical Services Plan (MSP) is given a unique lifetime identifier for health care called a Personal Health Number (PHN). Your PHN remains the same, regardless of any changes to personal status, and can be found on your BC Services Card. ","Each B.C. resident enrolled with the Medical Services Plan (MSP) is given a unique lifetime identifier for health care called a Personal Health Number (PHN). Your PHN remains the same, regardless of any changes to personal status, and can be found on your BC Services Card. ",Yes,,Business,Medical Services Plan,https://www2.gov.bc.ca/gov/content?id=A24BB960F5234630BCB9DE847EEFD07B,,,Health,https://www2.gov.bc.ca/gov/content/health/health-drug-coverage/msp/bc-residents/personal-health-identification,Yes,ADR,This definition needs improvement as it is not currently worded as a definition.,f0d40a49-1c4f-4ce1-af37-710022213d9c,personal-health-number,9876543210,string,
Postal Code,The postal code of the individual's provided residential address.,The postal code of the individual's provided residential address.,Yes,,Business,BC Registries and Online Services,https://www2.gov.bc.ca/gov/content?id=68646C26E4C241B09B60AE892FEEA829,,,People,"https://bcgov.sharepoint.com/:w:/r/teams/00108/Shared%20Documents/TM_ADR/UC%20DATA/DATA%20IAS/BCSC%20documents/BC%20services%20card%20-%20data%20attribute%20it%20has%20-%20PIA.docx?d=w407a76177ed24f649134baaf73c3f5d3&csf=1&web=1&e=kOpEf9
https://www2.gov.bc.ca/gov/content/governments/organizational-structure/ministries-organizations/ministries/citizens-services/bc-registries-online-services",No,ADR,,41976083-4652-44ea-a2a9-51385ef9e651,postal-code,V8V 1X4,string,
Professional regulatory authorities,Professional regulatory authorities are government agencies or public organizations with authority delegated by law from the government. They provide oversight and certification to specified regulated occupations in B.C.,Professional regulatory authorities are government agencies or public organizations with authority delegated by law from the government. They provide oversight and certification to specified regulated occupations in B.C.,Yes,,Business,Government Structure,https://www2.gov.bc.ca/gov/content?id=F024503C72F64D8380441972977188D6,,,Government,https://www2.gov.bc.ca/gov/content/governments/organizational-structure/ministries-organizations,Yes,ADR,,2da8d854-731d-43e2-9aec-fa5f6ef89c70,professional-regulatory-authorities,,string,
Program Authority,The ministry or program that has the lawful basis to initiate or approve an exchange.,"The ministry, program area, or authorized business function that has the mandate or lawful basis to request, approve, or participate in a data exchange.",Yes,SDX,Privacy and Security,API Program Services,,,,,https://dpdd.atlassian.net/wiki/spaces/POSM/pages/1389330560/APS+Terminology+Glossary+-+2026,Yes,APS,,4d464b52-a0fa-473b-8461-662e6004b0db,program-authority,,string,
Property Transfer Tax,A tax paid when one purchases or gains an interest in property that is registered at the land title office. The provincial Ministry of Finance is responsible for administering the Property Transfer Tax (PTT). ,A tax paid when one purchases or gains an interest in property that is registered at the land title office. The provincial Ministry of Finance is responsible for administering the Property Transfer Tax (PTT). ,Yes,,Business,Land Title and Survey Authority of British Columbia,https://ltsa.ca/property-owners/about-land-records/glossary/,,,People,https://ltsa.ca/property-owners/about-land-records/glossary/,Yes,ADR,,664dd248-60c1-4db7-8b9e-b04004728197,property-transfer-tax,,string,
Province,The two-letter province code of an individual's provided residential address.,The two-letter province code of an individual's provided residential address.,Yes,,Business,BC Registries and Online Services,https://www2.gov.bc.ca/gov/content?id=68646C26E4C241B09B60AE892FEEA829,,,People,"https://bcgov.sharepoint.com/:w:/r/teams/00108/Shared%20Documents/TM_ADR/UC%20DATA/DATA%20IAS/BCSC%20documents/BC%20services%20card%20-%20data%20attribute%20it%20has%20-%20PIA.docx?d=w407a76177ed24f649134baaf73c3f5d3&csf=1&web=1&e=kOpEf9
https://www2.gov.bc.ca/gov/content/governments/organizational-structure/ministries-organizations/ministries/citizens-services/bc-registries-online-services",No,ADR,,748e1e27-316a-458a-a21c-0604c9c5886d,province,BC,string,
Public Body,,"A government-related organization or agency funded to deliver public services to citizens.  For example, a government ministry, central government agency, Crown corporation, or regulator.",Yes,,Business,Environment,,,,Nature,https://bcgov.sharepoint.com/:w:/r/teams/00108/Shared%20Documents/TM_ADR/UC%20DATA/DATA%20Public%20Bodies/Architecture/ADR-DataProvider_PublicBodies_Data%20Architecture_LIVING_DRAFT.docx?d=wcef46d3dc36e479797393b430a3164d8&csf=1&web=1&e=n26oDq,Yes,ADR,I improved the definition.,0e596bc1-8c35-41e0-a4b5-29d0705e8dfb,public-body,,string,
Public Body Type,It is the category of the public body as defined in public bodies definition.,The category of the public body defined in public bodies definition.,Yes,,Business,Environment,,,,Nature,https://bcgov.sharepoint.com/:w:/r/teams/00108/Shared%20Documents/TM_ADR/UC%20DATA/DATA%20Public%20Bodies/Architecture/ADR-DataProvider_PublicBodies_Data%20Architecture_LIVING_DRAFT.docx?d=wcef46d3dc36e479797393b430a3164d8&csf=1&web=1&e=n26oDq,Yes,ADR,This definition needs work.,cdc079e5-839a-42a2-a47d-dc8aa6bc095d,public-body-type,Ministry,string,
Rate Limit,"A way to restrict how many times a user, bot, or application can access an API in a given timeframe. Rate limiting is important for preventing malicious attacks.","A control that defines the maximum number of requests a user, application, or system may make to a service within a specified period.",Yes,,Operational,API Program Services,,,,,https://developer.gov.bc.ca/docs/default/component/aps-infra-platform-docs/reference/glossary/,Yes,APS,,6aaec3be-e4db-4105-b63f-ad4fc5d66aec,rate-limit,100 requests per minute,string,
Reference Data,"Data that is used to describe or classify other data (e.g., lists of disease types, gender codes, building materials, etc.) ","Data that is used to describe or classify other data (e.g., lists of disease types, gender codes, building materials, etc.) ",Yes,,Data,Draft Data Register Standard,,,,,https://bcgov.sharepoint.com/:w:/r/teams/00108/Shared%20Documents/TM_ADR/POL%20Data%20Register%20Standard/Endorsements/Data%20Register%20Standard%20DRAFT.docx?d=w2902afec895d43408463adacd02decd3&csf=1&web=1&e=QEg5Tp,Yes,ADR,,72a0f54d-6d36-447a-aede-8ad055dec205,reference-data,,string,
Registered Owner,"A registered owner is the person who owns an interest in land, either in terms of ownership of title in fee simple, or ownership of a charge. A registered owner is recorded in the land title register upon registration. ","A registered owner is the person who owns an interest in land, either in terms of ownership of title in fee simple, or ownership of a charge. A registered owner is recorded in the land title register upon registration. ",Yes,,Business,Land Title and Survey Authority of British Columbia,https://ltsa.ca/property-owners/about-land-records/glossary/,,,People,https://ltsa.ca/property-owners/about-land-records/glossary/,Yes,ADR,,446482a5-dc2c-4dac-86b7-b90c7650c997,registered-owner,,string,
Registrar,"An official keeper or recorder of records. The Registrar is a statutory decision maker under the Land Title Act, and an employee of the LTSA with a statutory responsibility under LOTA to refuse an application to register an interest in land if the transferee fails to submit a transparency declaration with the application and, in the event the transferee is a reporting body fails to submit a transparency report.","An official keeper or recorder of records. The Registrar is a statutory decision maker under the Land Title Act, and an employee of the LTSA with a statutory responsibility under LOTA to refuse an application to register an interest in land if the transferee fails to submit a transparency declaration with the application and, in the event the transferee is a reporting body fails to submit a transparency report.",Yes,,Business,Land Title and Survey Authority of British Columbia,https://ltsa.ca/property-owners/about-land-records/glossary/,,,People,https://ltsa.ca/property-owners/about-land-records/glossary/,Yes,ADR,,9a892ea4-b453-4199-9cfe-29ea05e722dd,registrar,,string,
Registration Number,The unique serial number assigned to each entry in the Land Title Register.,The unique serial number assigned to each entry in the Land Title Register.,Yes,,Business,Land Title and Survey Authority of British Columbia,https://ltsa.ca/property-owners/about-land-records/glossary/,,,People,https://ltsa.ca/property-owners/about-land-records/glossary/,Yes,ADR,,24edfde0-fa2d-488d-ab91-8552e2fc15ec,registration-number,CA1234567,string,
Residency,"Residency or ""Ordinarily resident"" in B.C. refers to the place where the applicant or recipient normally lives the regular routine of their day-to-day life. Indicators may include but are not limited to:•An established “place of residence” in B.C. Learn more by reviewing the support, shelter and special care page
•Residence of spouse, children, and other dependent family members in B.C.
•Legal and other documents indicating B.C. residence, such as utility bills
•B.C. driver's license or BC services card
•Registration of vehicles in B.C.
•Employment or business relationships in B.C.
•Links to community in B.C. through religious organizations, recreational and social clubs, unions, and professional organizations
•Life or health insurance policies in B.C., such as BC Medical Services Plan coverage
•Filing income tax returns as a B.C. resident
•Bank or other financial accounts with a home branch in B.C.
•Applying for government assistance, programs, and/or financial benefits in B.C.
•The frequency, length, purpose, and intention of stays within and outside of B.C.
Repeated instances of leaving BC, returning briefly, and then leaving again would most likely not be considered as ordinarily resident of B.C.. ","Residency or ""Ordinarily resident"" in B.C. refers to the place where the applicant or recipient normally lives the regular routine of their day-to-day life. Indicators may include but are not limited to:

•An established “place of residence” in B.C. Learn more by reviewing the support, shelter and special care page
•Residence of spouse, children, and other dependent family members in B.C.
•Legal and other documents indicating B.C. residence, such as utility bills
•B.C. driver's license or BC services card
•Registration of vehicles in B.C.
•Employment or business relationships in B.C.
•Links to community in B.C. through religious organizations, recreational and social clubs, unions, and professional organizations
•Life or health insurance policies in B.C., such as BC Medical Services Plan coverage
•Filing income tax returns as a B.C. resident
•Bank or other financial accounts with a home branch in B.C.
•Applying for government assistance, programs, and/or financial benefits in B.C.
•The frequency, length, purpose, and intention of stays within and outside of B.C.
Repeated instances of leaving BC, returning briefly, and then leaving again would most likely not be considered as ordinarily resident of B.C..",Yes,,Business,BC Employment and Assistance Policy,https://www2.gov.bc.ca/gov/content?id=6B67449511354E07BB90147783A8A2B5,,,Government,https://www2.gov.bc.ca/gov/content/governments/policies-for-government/bcea-policy-and-procedure-manual/application-and-intake/citizenship-requirements,Yes,ADR,,bba475a7-f153-439c-8063-16e1fb323bb2,residency,Ordinarily resident in British Columbia,string,
Resident,"A resident is a person who meets all of the following conditions:A citizen of Canada or lawfully admitted to Canada for permanent residenceMakes their home in B.C.Physically present in B.C. at least six months in a calendar yearEligible B.C. residents (citizens of Canada or persons who are lawfully admitted to Canada for permanent residence) who are outside B.C. for vacation purposes only, are allowed a total absence of up to seven months in a calendar year","A resident is a person who meets all of the following conditions:

A citizen of Canada or lawfully admitted to Canada for permanent residence

Makes their home in B.C.

Physically present in B.C. at least six months in a calendar year

Eligible B.C. residents (citizens of Canada or persons who are lawfully admitted to Canada for permanent residence) who are outside B.C. for vacation purposes only, are allowed a total absence of up to seven months in a calendar year",Yes,,Business,Medical Services Plan,https://www2.gov.bc.ca/gov/content?id=A24BB960F5234630BCB9DE847EEFD07B,,,Health,https://www2.gov.bc.ca/gov/content/health/health-drug-coverage/msp/bc-residents/eligibility-and-enrolment/are-you-eligible#dependents,Yes,ADR,,bb195bf0-b77c-4749-af98-10374de33640,resident,,string,
Scoping Details,The details that a user provides to initiate an SDX between a consumer and provider. Details that are required to match between consumer and provider to make that secure pathway (SDX) happen. Policy dictates and defines which scoping details to collect. ,"Information used to determine whether a data exchange is authorized, appropriately limited, and aligned with the intended purpose, participants, and policy requirements.",Yes,SDX,Privacy and Security,API Program Services,,,,,https://dpdd.atlassian.net/wiki/spaces/POSM/pages/1389330560/Updated+CS+Terminology+Language,Yes,APS,,50e1e3b5-3ceb-4a03-95c2-402e038478ed,scoping-details,,string,
Secure Data Exchange,"SDX as a capability/piece of functionality is the ability to move data securely and lawfully between parties. Includes technical patterns, governance, tooling and audit controls. ","Secure Data Exchange (SDX) is a capability/piece of functionality is the ability to move data securely and lawfully between parties. Includes technical patterns, governance, tooling and audit controls. ",Yes,SDX,Integration,API Program Services,,,,,https://dpdd.atlassian.net/wiki/spaces/POSM/pages/1389330560/APS+Glossary+-+2026,Yes,APS,,ebf3f5df-5589-40c9-8a1a-b4cc45b3f375,secure-data-exchange-sdx,,string,
Semantics,"Semantics refers to the standardized meaning of data - how terms, values, and relationships are defined so they can be interpreted consistently across different systems.","Semantics refers to the standardized meaning of data - how terms, values, and relationships are defined so they can be interpreted consistently across different systems.",Yes,,Data,Draft Data Register Standard,,,,,https://bcgov.sharepoint.com/:w:/r/teams/00108/Shared%20Documents/TM_ADR/POL%20Data%20Register%20Standard/Endorsements/Data%20Register%20Standard%20DRAFT.docx?d=w2902afec895d43408463adacd02decd3&csf=1&web=1&e=QEg5Tp,No,ADR,,45b1117f-9e8f-4273-a27b-b7d14862a565,semantics,,string,
Service,"A service represents an external upstream API or microservice consisting of a URL, which listens for incoming requests. ","A service represents an external upstream API or microservice consisting of a URL, which listens for incoming requests. ",Yes,,Technical,API Program Services,,,,,https://dpdd.atlassian.net/wiki/spaces/POSM/pages/1389330560/APS+Terminology+Glossary+-+2026,Yes,APS,,9a861f2f-4ec7-43fc-99bb-7430f87995bf,service,https://api.example.gov.bc.ca,string,"{""format"":""uri""}"
Sex,"Sex from the BCSC.	
The individual's documented sex recorded from valid identification.",The individual's documented sex recorded from valid identification.,Yes,,Business,BC Registries and Online Services,https://www2.gov.bc.ca/gov/content?id=68646C26E4C241B09B60AE892FEEA829,,,People,"https://bcgov.sharepoint.com/:w:/r/teams/00108/Shared%20Documents/TM_ADR/UC%20DATA/DATA%20IAS/BCSC%20documents/BC%20services%20card%20-%20data%20attribute%20it%20has%20-%20PIA.docx?d=w407a76177ed24f649134baaf73c3f5d3&csf=1&web=1&e=kOpEf9
https://www2.gov.bc.ca/gov/content/governments/organizational-structure/ministries-organizations/ministries/citizens-services/bc-registries-online-services",No,ADR,,fbdeede9-127d-4c85-8ddc-7d7a8dd3b651,sex,Female,string,
Source of Truth,"A centralized, authoritative location where an organization stores its most accurate, reliable and trusted data, ensuring consistent use of information for decisions, eliminating silos and discrepancies. 

A Source of Truth may be the same as the System of Record, however this may not always be the case. For example, valid authoritative copies of data from the System of Record are created and made available for specific purposes; in cases where the System of Record cannot be directly accessed for legal, technical, privacy or other reasons.","A centralized, authoritative location where an organization stores its most accurate, reliable and trusted data, ensuring consistent use of information for decisions, eliminating silos and discrepancies. 

A Source of Truth may be the same as the System of Record, however this may not always be the case. For example, valid authoritative copies of data from the System of Record are created and made available for specific purposes; in cases where the System of Record cannot be directly accessed for legal, technical, privacy or other reasons.",Yes,,Data,BC Data Catalogue,,,,,https://bcgov.sharepoint.com/:w:/r/teams/00108/Shared%20Documents/TM_DDS/Projects%20and%20Initiatives/2025-09%20Connected%20Services%20and%20Enhanced%20Catalogue/Business%20Analysis%20and%20Requirements/CITZ%20BCDC%20-%20Business%20Requirements%20Document%20-%20Draft%20v0.08%20(current).docx?d=wb7271ba34bec42a180b57e8d5bfe623b&csf=1&web=1&e=J9y3Z3,Yes,Catalogue,,ca228f09-b27d-4a7e-8101-733af5508779,source-of-truth,,string,
Spouse,"Unmarried couples are considered spouses if they meet either of the following criteria:
1) demonstrate qualities consistent with a marriage-like relationship while residing together for 12 consecutive months, or
2) if they declare that they are in a marriage-like relationship.
Married couples who can demonstrate they have separated are exempted from being considered spouses. 
Separated means that they have legally separated, in divorce 
proceedings, severed financial interdependence or social and familial interdependence, etc.
","Unmarried couples are considered spouses if they meet either of the following criteria:
1) demonstrate qualities consistent with a marriage-like relationship while residing together for 12 consecutive months, or
2) if they declare that they are in a marriage-like relationship.
Married couples who can demonstrate they have separated are exempted from being considered spouses. 
Separated means that they have legally separated, in divorce 
proceedings, severed financial interdependence or social and familial interdependence, etc.
",Yes,,Business,Income and Disability Assistance,https://www.myselfserve.gov.bc.ca/,,,Government,https://www.myselfserve.gov.bc.ca/,Yes,ADR,,21240249-56a6-46f8-92d4-83ea0b12d586,spouse,,string,
Spouse,A resident of B.C. who is married to or is living and cohabiting in a marriage-like relationship with the applicant.,A resident of B.C. who is married to or is living and cohabiting in a marriage-like relationship with the applicant.,Yes,,Business,Medical Services Plan,https://www2.gov.bc.ca/gov/content?id=A24BB960F5234630BCB9DE847EEFD07B,,,Health,https://www2.gov.bc.ca/gov/content/health/health-drug-coverage/msp/bc-residents/eligibility-and-enrolment/are-you-eligible#dependents,Yes,ADR,,0cd3330c-bcea-4bfc-bdd1-82fab972cb11,msp-spouse,,string,
Street Address,"Residential address from the BCSC.
The street address lines of an individual's provided residential address.",The street address lines of an individual's provided residential address.,Yes,,Business,BC Registries and Online Services,https://www2.gov.bc.ca/gov/content?id=68646C26E4C241B09B60AE892FEEA829,,,People,"https://bcgov.sharepoint.com/:w:/r/teams/00108/Shared%20Documents/TM_ADR/UC%20DATA/DATA%20IAS/BCSC%20documents/BC%20services%20card%20-%20data%20attribute%20it%20has%20-%20PIA.docx?d=w407a76177ed24f649134baaf73c3f5d3&csf=1&web=1&e=kOpEf9
https://www2.gov.bc.ca/gov/content/governments/organizational-structure/ministries-organizations/ministries/citizens-services/bc-registries-online-services",No,ADR,,63091aa9-de44-464a-b9a4-677239a25d9a,street-address,"1234 Government Street, Unit 5",string,
Surname,"Primary Documented Surname from the BCSC.
The individual's documented surname recorded from valid identification.",The individual's documented surname recorded from valid identification.,Yes,,Business,BC Registries and Online Services,https://www2.gov.bc.ca/gov/content?id=68646C26E4C241B09B60AE892FEEA829,,,People,"https://bcgov.sharepoint.com/:w:/r/teams/00108/Shared%20Documents/TM_ADR/UC%20DATA/DATA%20IAS/BCSC%20documents/BC%20services%20card%20-%20data%20attribute%20it%20has%20-%20PIA.docx?d=w407a76177ed24f649134baaf73c3f5d3&csf=1&web=1&e=kOpEf9
https://www2.gov.bc.ca/gov/content/governments/organizational-structure/ministries-organizations/ministries/citizens-services/bc-registries-online-services",No,ADR,,4748554c-0a48-45b8-b917-c594ae3838b7,surname,Example,string,
System of Record,"The authoritative source where data for a specific domain is created/collected, maintained, and shared. ","A System of Record (SoR) is the authoritative source where data for a specific domain is created/collected, maintained, and shared. ",Yes,,Data,Draft Data Register Standard,,,,,https://bcgov.sharepoint.com/:w:/r/teams/00108/Shared%20Documents/TM_ADR/POL%20Data%20Register%20Standard/Endorsements/Data%20Register%20Standard%20DRAFT.docx?d=w2902afec895d43408463adacd02decd3&csf=1&web=1&e=QEg5Tp,Yes,ADR,,b2c5967a-33ea-47a5-88e1-7d20ec7f0994,system-of-record,,string,
System of Reference,A system that consolidates and harmonizes data from multiple systems of record to provide a trusted reference for sharing data.,A System of Reference (SoRef) is a system that consolidates and harmonizes data from multiple systems of record to provide a trusted reference for sharing data.,Yes,,Data,Draft Data Register Standard,,,,,https://bcgov.sharepoint.com/:w:/r/teams/00108/Shared%20Documents/TM_ADR/POL%20Data%20Register%20Standard/Endorsements/Data%20Register%20Standard%20DRAFT.docx?d=w2902afec895d43408463adacd02decd3&csf=1&web=1&e=QEg5Tp,Yes,ADR,,1fd602bc-eeb2-45e3-b25a-871859edb11c,system-of-reference,,string,
Timeliness,The degree to which data represent reality from the required point in time. Includes currency (are the data up to date?) and latency (when was the data last updated?),The degree to which data represent reality from the required point in time. Includes currency (are the data up to date?) and latency (when was the data last updated?),Yes,,Data Management,Draft Data Quality Assessment Standard,,,,,https://bcgov.sharepoint.com/:w:/r/teams/00108/Shared%20Documents/TM_ADR/POL%20Data%20Quality%20Assessment%20Standard/Data%20Quality%20Assessment%20Standard%20LIVING%20DRAFT.docx?d=wf42c4603823f4db58cb5f3efa2b9c321&csf=1&web=1&e=8oQ9Mq,Yes,ADR,,dbf42901-c009-4dd1-a3a5-1b35b96a8e6a,timeliness,Updated within 24 hours,string,
Title,"Depending on the context in which it is used title means, on the one hand the right of ownership of land and, on the other, the instruments or evidence of such right. In the register, title to land evidences fee simple ownership of land in one or more Registered Owner(s). Also referred to as land title and indefeasible title. A title may also refer to the ownership of interests in land less than fee simple, such as a mortgage or easement.","Depending on the context in which it is used title means, on the one hand the right of ownership of land and, on the other, the instruments or evidence of such right. In the register, title to land evidences fee simple ownership of land in one or more Registered Owner(s). Also referred to as land title and indefeasible title. A title may also refer to the ownership of interests in land less than fee simple, such as a mortgage or easement.",Yes,,Business,Land Title and Survey Authority of British Columbia,https://ltsa.ca/property-owners/about-land-records/glossary/,,,People,https://ltsa.ca/property-owners/about-land-records/glossary/,Yes,ADR,,ee562ba5-e061-44b3-9986-459528b77ab5,title,,string,
Title Search,A record issued by the land title office setting out the particulars of a title to land generated from information contained in the register at a specific point in time.,A record issued by the land title office setting out the particulars of a title to land generated from information contained in the register at a specific point in time.,Yes,,Business,Land Title and Survey Authority of British Columbia,https://ltsa.ca/property-owners/about-land-records/glossary/,,,People,https://ltsa.ca/property-owners/about-land-records/glossary/,Yes,ADR,,41ca152f-7755-4250-9269-351b9cd03945,title-search,,string,
Transaction,"A single instance of an exchange, for example one API call or message delivery.","A single instance of an exchange, for example one API call or message delivery.",Yes,SDX,Integration,API Program Services,,,,,https://dpdd.atlassian.net/wiki/spaces/POSM/pages/1389330560/Updated+CS+Terminology+Language,Yes,APS,,c249f1f2-2d7c-4698-bcfc-bea85adad3ea,transaction,,string,
Transfer,"The voluntary act of a registered owner of an interest in land transferring that interest to another person, typically as a consequence of a sale or gift of the land to that person. The term includes a conveyance, a grant and an assignment. ","The voluntary act of a registered owner of an interest in land transferring that interest to another person, typically as a consequence of a sale or gift of the land to that person. The term includes a conveyance, a grant and an assignment. ",Yes,,Business,Land Title and Survey Authority of British Columbia,https://ltsa.ca/property-owners/about-land-records/glossary/,,,People,https://ltsa.ca/property-owners/about-land-records/glossary/,Yes,ADR,,7d1b54b7-1835-4754-8bea-53494a6eec2f,transfer,,string,
Transferee,"An individual or corporation to whom an interest in land is transferred. Includes a grantee, an assignee and a person entitled by transmission to be a registered owner of an interest in land.","An individual or corporation to whom an interest in land is transferred. Includes a grantee, an assignee and a person entitled by transmission to be a registered owner of an interest in land.",Yes,,Business,Land Title and Survey Authority of British Columbia,https://ltsa.ca/property-owners/about-land-records/glossary/,,,People,https://ltsa.ca/property-owners/about-land-records/glossary/,Yes,ADR,,8c25ff9a-09e9-441b-a236-243d40141d14,transferee,,string,
Transferor,An individual or corporation transferring an interest in land to another party.,An individual or corporation transferring an interest in land to another party.,Yes,,Business,Land Title and Survey Authority of British Columbia,https://ltsa.ca/property-owners/about-land-records/glossary/,,,People,https://ltsa.ca/property-owners/about-land-records/glossary/,Yes,ADR,,fba45266-f00a-4ceb-9b01-84a77f2d3c46,transferor,,string,
Transmission,"A change of ownership of land consequent on death, sale under execution, order of court or other act of law, or on any testamentary settlement or legal succession in the case of intestacy.","A change of ownership of land consequent on death, sale under execution, order of court or other act of law, or on any testamentary settlement or legal succession in the case of intestacy.",Yes,,Business,Land Title and Survey Authority of British Columbia,https://ltsa.ca/property-owners/about-land-records/glossary/,,,People,https://ltsa.ca/property-owners/about-land-records/glossary/,Yes,ADR,,5fe7c652-7a9b-439d-b783-d25b18548149,transmission,,string,
Transparency Declaration,"A declaration that is filed by each transferee together with an application to register an interest in land, stating whether the transferee is a reporting body, and, if the transferee is a reporting body, whether the reporting body is a relevant corporation, a trustee or a relevant trust, or a partner of a relevant partnership. Transparency declarations may also be filed at any time, independently of an application to register an interest in land to correct information contained in a previously filed transparency declaration.","A declaration that is filed by each transferee together with an application to register an interest in land, stating whether the transferee is a reporting body, and, if the transferee is a reporting body, whether the reporting body is a relevant corporation, a trustee or a relevant trust, or a partner of a relevant partnership. Transparency declarations may also be filed at any time, independently of an application to register an interest in land to correct information contained in a previously filed transparency declaration.",Yes,,Business,Land Title and Survey Authority of British Columbia,https://ltsa.ca/property-owners/about-land-records/glossary/,,,People,https://ltsa.ca/property-owners/about-land-records/glossary/,Yes,ADR,,a86eddf8-7c95-4641-9b92-e5faf8702655,transparency-declaration,,string,
Transparency Report,"A report that is filed with a transparency declaration on an application to register an interest in land, if the transferee is a reporting body. The transparency report contains information about the reporting body and its interest holder(s). ","A report that is filed with a transparency declaration on an application to register an interest in land, if the transferee is a reporting body. The transparency report contains information about the reporting body and its interest holder(s). ",Yes,,Business,Land Title and Survey Authority of British Columbia,https://ltsa.ca/property-owners/about-land-records/glossary/,,,People,https://ltsa.ca/property-owners/about-land-records/glossary/,Yes,ADR,,1ebfdeb3-f747-402d-ae50-d55d13894984,transparency-report,,string,
Trust Authority,"The governing body (Connected Services B.C.) that manages trust anchors, certificates, and federation governance.","The governing body (Connected Services B.C.) that manages trust anchors, certificates, and federation governance.",Yes,"Security,SDX",Privacy and Security,API Program Services,,,,,https://dpdd.atlassian.net/wiki/spaces/POSM/pages/1389330560/APS+Terminology+Glossary+-+2026,Yes,APS,,ef2e4ea5-3c0c-482b-b325-a2c0c96e91f9,trust-authority,,string,
Uniqueness,The degree to which there are no duplicate data.,The degree to which there are no duplicate data.,Yes,,Data Management,Draft Data Quality Assessment Standard,,,,,https://bcgov.sharepoint.com/:w:/r/teams/00108/Shared%20Documents/TM_ADR/POL%20Data%20Quality%20Assessment%20Standard/Data%20Quality%20Assessment%20Standard%20LIVING%20DRAFT.docx?d=wf42c4603823f4db58cb5f3efa2b9c321&csf=1&web=1&e=8oQ9Mq,Yes,ADR,,3e557afe-bfb5-4891-8a15-026836aaeae7,uniqueness,100.0,number,"{""minimum"":0,""maximum"":100}"
Universally Unique Identifier,A universally unique identifier (UUID) is a 128-bit label used for information in computer systems. The term globally unique identifier (GUID) is also used.,"A Universally Unique Identifier (UUID), also called a Globally Unique Identifier (GUID), is a 128‑bit number generated in a way that makes it effectively guaranteed to be unique across different systems and over time, without needing any central coordination.",Yes,,Technical,API Program Services,,,,,https://dpdd.atlassian.net/wiki/spaces/POSM/pages/1389330560/APS+Terminology+Glossary+-+2026,Yes,ADR,,63bc7e36-7f64-4b1c-9807-7b1fa074abbf,globally-unique-identifier-guid-universally-unique-identifier-uuid,550e8400-e29b-41d4-a716-446655440000,string,"{""format"":""uuid""}"
Validity,"The degree to which data conforms to its defined domain of values, including the rules for allowed formats, structures, acceptable ranges, and lists of permissible values.","The degree to which data conforms to its defined domain of values, including the rules for allowed formats, structures, acceptable ranges, and lists of permissible values.",Yes,,Data Management,Draft Data Quality Assessment Standard,,,,,https://bcgov.sharepoint.com/:w:/r/teams/00108/Shared%20Documents/TM_ADR/POL%20Data%20Quality%20Assessment%20Standard/Data%20Quality%20Assessment%20Standard%20LIVING%20DRAFT.docx?d=wf42c4603823f4db58cb5f3efa2b9c321&csf=1&web=1&e=8oQ9Mq,Yes,ADR,,18f73da4-bf76-46fc-b562-472abe3c30c3,validity,100% valid,string,
Verified Email,The email address provided by an individual that has been verified with email delivery once (Personal or Business).,The email address provided by an individual that has been verified with email delivery once (Personal or Business).,Yes,,Business,BC Registries and Online Services,https://www2.gov.bc.ca/gov/content?id=68646C26E4C241B09B60AE892FEEA829,,,People,"https://bcgov.sharepoint.com/:w:/r/teams/00108/Shared%20Documents/TM_ADR/UC%20DATA/DATA%20IAS/BCSC%20documents/BC%20services%20card%20-%20data%20attribute%20it%20has%20-%20PIA.docx?d=w407a76177ed24f649134baaf73c3f5d3&csf=1&web=1&e=kOpEf9
https://www2.gov.bc.ca/gov/content/governments/organizational-structure/ministries-organizations/ministries/citizens-services/bc-registries-online-services",No,ADR,,0aeb1e75-c084-4c76-afe1-5e2ed769a5ad,verified-email,alex@example.com,string,"{""format"":""email""}"
